{
  "RECORDS":
  [
    {
      "id":"2",
      "title":"مرکزي",
      "slug":"Markazi",
      "city_id":"2"
    },
    {
      "id":"3",
      "title":"ساروق",
      "slug":"Sarough",
      "city_id":"2"
    },
    {
      "id":"4",
      "title":"معصوميه",
      "slug":"Immaculate",
      "city_id":"2"
    },
    {
      "id":"5",
      "title":"کمره",
      "slug":"Camera",
      "city_id":"5"
    },
    {
      "id":"6",
      "title":"نوبران",
      "slug":"Nobaran",
      "city_id":"7"
    },
    {
      "id":"7",
      "title":"سربند",
      "slug":"Sarband",
      "city_id":"8"
    },
    {
      "id":"8",
      "title":"زاليان",
      "slug":"Zalian",
      "city_id":"8"
    },
    {
      "id":"9",
      "title":"قره کهريز",
      "slug":"Nagorno KAHRIZ",
      "city_id":"8"
    },
    {
      "id":"10",
      "title":"خرقان",
      "slug":"Khrqan",
      "city_id":"10"
    },
    {
      "id":"11",
      "title":"ميلاجرد",
      "slug":"Milajerd",
      "city_id":"11"
    },
    {
      "id":"12",
      "title":"قره چاي",
      "slug":"Qarechi",
      "city_id":"12"
    },
    {
      "id":"13",
      "title":"خنجين",
      "slug":"Khnjyn",
      "city_id":"13"
    },
    {
      "id":"14",
      "title":"مركزئ",
      "slug":"Center",
      "city_id":"14"
    },
    {
      "id":"15",
      "title":"لوندويل",
      "slug":"Lavandevil",
      "city_id":"14"
    },
    {
      "id":"16",
      "title":"كياشهر",
      "slug":"Kiashahr",
      "city_id":"15"
    },
    {
      "id":"17",
      "title":"كرگانرود",
      "slug":"Karganrood",
      "city_id":"17"
    },
    {
      "id":"18",
      "title":"اسالم",
      "slug":"Islam",
      "city_id":"17"
    },
    {
      "id":"19",
      "title":"حويق",
      "slug":"Havigh",
      "city_id":"17"
    },
    {
      "id":"20",
      "title":"خمام",
      "slug":"Khmam",
      "city_id":"18"
    },
    {
      "id":"21",
      "title":"سنگر",
      "slug":"Stronghold",
      "city_id":"18"
    },
    {
      "id":"22",
      "title":"كوچصفهان",
      "slug":"Koochesfahan",
      "city_id":"18"
    },
    {
      "id":"23",
      "title":"لشت نشاء",
      "slug":"Lasht transplant",
      "city_id":"18"
    },
    {
      "id":"24",
      "title":"خشكبيجار",
      "slug":"Khoshkbijari",
      "city_id":"18"
    },
    {
      "id":"25",
      "title":"رحمت آبادوبلوكات",
      "slug":"Mercy Badvblvkat",
      "city_id":"19"
    },
    {
      "id":"26",
      "title":"عمارلو",
      "slug":"Amarlou",
      "city_id":"19"
    },
    {
      "id":"27",
      "title":"خورگام",
      "slug":"Khorgami",
      "city_id":"19"
    },
    {
      "id":"28",
      "title":"رحيم آباد",
      "slug":"Rahim Abad",
      "city_id":"20"
    },
    {
      "id":"29",
      "title":"چابكسر",
      "slug":"Chaboksar",
      "city_id":"20"
    },
    {
      "id":"30",
      "title":"كلاچائ",
      "slug":"KELACHAY",
      "city_id":"20"
    },
    {
      "id":"31",
      "title":"تولم",
      "slug":"Tolam",
      "city_id":"21"
    },
    {
      "id":"32",
      "title":"ميرزاكوچك جنگلي",
      "slug":"Mirza Kuchak forest",
      "city_id":"21"
    },
    {
      "id":"33",
      "title":"سردارجنگل",
      "slug":"Srdarjngl",
      "city_id":"22"
    },
    {
      "id":"34",
      "title":"اطاقور",
      "slug":"Otaghour",
      "city_id":"23"
    },
    {
      "id":"35",
      "title":"كومله",
      "slug":"Komala",
      "city_id":"23"
    },
    {
      "id":"36",
      "title":"رودبنه",
      "slug":"Rudboneh",
      "city_id":"24"
    },
    {
      "id":"37",
      "title":"احمدسرگوراب",
      "slug":"Ahmadsargurab",
      "city_id":"25"
    },
    {
      "id":"38",
      "title":"رانكوه",
      "slug":"Rankohi",
      "city_id":"26"
    },
    {
      "id":"39",
      "title":"پره سر",
      "slug":"Blade head",
      "city_id":"27"
    },
    {
      "id":"40",
      "title":"ديلمان",
      "slug":"Deilaman",
      "city_id":"28"
    },
    {
      "id":"41",
      "title":"شاندرمن",
      "slug":"Shanderman",
      "city_id":"29"
    },
    {
      "id":"42",
      "title":"لاريجان",
      "slug":"Larijan",
      "city_id":"30"
    },
    {
      "id":"43",
      "title":"دابودشت",
      "slug":"Dabudasht",
      "city_id":"30"
    },
    {
      "id":"44",
      "title":"امامزاده عبدالله",
      "slug":"Holy Abdullah",
      "city_id":"30"
    },
    {
      "id":"45",
      "title":"دشت سر",
      "slug":"Pediment",
      "city_id":"30"
    },
    {
      "id":"46",
      "title":"بندپي غربي",
      "slug":"West pourmostafa",
      "city_id":"31"
    },
    {
      "id":"47",
      "title":"بندپي شرقي",
      "slug":"Eastern Bandpay",
      "city_id":"31"
    },
    {
      "id":"48",
      "title":"بابل كنار",
      "slug":"Babylon the",
      "city_id":"31"
    },
    {
      "id":"49",
      "title":"لاله آباد",
      "slug":"Laleh Abad",
      "city_id":"31"
    },
    {
      "id":"50",
      "title":"گتاب",
      "slug":"Gatab",
      "city_id":"31"
    },
    {
      "id":"51",
      "title":"يانه سر",
      "slug":"Whether the head",
      "city_id":"32"
    },
    {
      "id":"52",
      "title":"نشتا",
      "slug":"Nshta",
      "city_id":"33"
    },
    {
      "id":"53",
      "title":"خرم آباد",
      "slug":"Khorramabad",
      "city_id":"33"
    },
    {
      "id":"54",
      "title":"چهاردانگه",
      "slug":"Chahardangeh",
      "city_id":"35"
    },
    {
      "id":"55",
      "title":"دودانگه",
      "slug":"Dodangeh",
      "city_id":"35"
    },
    {
      "id":"56",
      "title":"كليجان رستاق",
      "slug":"Klyjan Rustaq",
      "city_id":"35"
    },
    {
      "id":"57",
      "title":"رودپي",
      "slug":"Rvdpy",
      "city_id":"35"
    },
    {
      "id":"58",
      "title":"رودپي شمالي",
      "slug":"North Rvdpy",
      "city_id":"35"
    },
    {
      "id":"59",
      "title":"زيرآب",
      "slug":"Underwater",
      "city_id":"36"
    },
    {
      "id":"60",
      "title":"بلده",
      "slug":"BALADEH",
      "city_id":"38"
    },
    {
      "id":"61",
      "title":"چمستان",
      "slug":"Chamestan",
      "city_id":"38"
    },
    {
      "id":"62",
      "title":"كجور",
      "slug":"Kojour",
      "city_id":"39"
    },
    {
      "id":"63",
      "title":"بهنمير",
      "slug":"Bahnamiri",
      "city_id":"40"
    },
    {
      "id":"64",
      "title":"رودبست",
      "slug":"Rvdbst",
      "city_id":"40"
    },
    {
      "id":"65",
      "title":"سرخرود",
      "slug":"Sorkhrud",
      "city_id":"41"
    },
    {
      "id":"66",
      "title":"هزارجريب",
      "slug":"Hezarjarib",
      "city_id":"42"
    },
    {
      "id":"67",
      "title":"مرزن آباد",
      "slug":"Marzanabad",
      "city_id":"43"
    },
    {
      "id":"68",
      "title":"گيل خوران",
      "slug":"Gill Khoran",
      "city_id":"44"
    },
    {
      "id":"69",
      "title":"كلباد",
      "slug":"Klbad",
      "city_id":"45"
    },
    {
      "id":"70",
      "title":"دهفري",
      "slug":"Dhfry",
      "city_id":"46"
    },
    {
      "id":"71",
      "title":"مركزي",
      "slug":"Central",
      "city_id":"46"
    },
    {
      "id":"72",
      "title":"سلمانشهر",
      "slug":"Salman Shahr",
      "city_id":"47"
    },
    {
      "id":"73",
      "title":"کلار",
      "slug":"Claire",
      "city_id":"47"
    },
    {
      "id":"74",
      "title":"گهرباران",
      "slug":"Valuable",
      "city_id":"48"
    },
    {
      "id":"75",
      "title":"تالارپي",
      "slug":"Talarpy",
      "city_id":"49"
    },
    {
      "id":"76",
      "title":"نارنجستان",
      "slug":"Orangery",
      "city_id":"50"
    },
    {
      "id":"77",
      "title":"هوراند",
      "slug":"Horand",
      "city_id":"52"
    },
    {
      "id":"78",
      "title":"خسروشاه",
      "slug":"Khosrowshahr",
      "city_id":"53"
    },
    {
      "id":"79",
      "title":"مهربان",
      "slug":"kind",
      "city_id":"54"
    },
    {
      "id":"80",
      "title":"سراجو",
      "slug":"Srajv",
      "city_id":"55"
    },
    {
      "id":"81",
      "title":"يامچي",
      "slug":"Yamchi",
      "city_id":"56"
    },
    {
      "id":"82",
      "title":"ترکمانچاي",
      "slug":"Turkmenchay",
      "city_id":"57"
    },
    {
      "id":"83",
      "title":"کاغذکنان",
      "slug":"Kaghzknan",
      "city_id":"57"
    },
    {
      "id":"84",
      "title":"کندوان",
      "slug":"KANDOVAN",
      "city_id":"57"
    },
    {
      "id":"85",
      "title":"نظرکهريزي",
      "slug":"Nazarkahrizi",
      "city_id":"58"
    },
    {
      "id":"86",
      "title":"تيکمه داش",
      "slug":"Tikmedash",
      "city_id":"60"
    },
    {
      "id":"87",
      "title":"صوفيان",
      "slug":"Sufis",
      "city_id":"61"
    },
    {
      "id":"88",
      "title":"تسوج",
      "slug":"Tasuj",
      "city_id":"61"
    },
    {
      "id":"89",
      "title":"آبش احمد",
      "slug":"Creamed Ahmad",
      "city_id":"62"
    },
    {
      "id":"90",
      "title":"خواجه",
      "slug":"Eunuch",
      "city_id":"63"
    },
    {
      "id":"91",
      "title":"سيه رود",
      "slug":"Siahrood",
      "city_id":"64"
    },
    {
      "id":"92",
      "title":"ليلان",
      "slug":"Lylan",
      "city_id":"65"
    },
    {
      "id":"93",
      "title":"گوگان",
      "slug":"Gugan",
      "city_id":"66"
    },
    {
      "id":"94",
      "title":"ممقان",
      "slug":"Mamaghan",
      "city_id":"66"
    },
    {
      "id":"95",
      "title":"حومه",
      "slug":"the suburbs",
      "city_id":"66"
    },
    {
      "id":"96",
      "title":"ايلخچي",
      "slug":"Ilkhchi",
      "city_id":"67"
    },
    {
      "id":"97",
      "title":"شاديان",
      "slug":"Shadian",
      "city_id":"68"
    },
    {
      "id":"98",
      "title":"خاروانا",
      "slug":"Kharvana",
      "city_id":"69"
    },
    {
      "id":"99",
      "title":"قلعه چاي",
      "slug":"Castle Tea",
      "city_id":"70"
    },
    {
      "id":"100",
      "title":"گرمادوز",
      "slug":"Grmadvz",
      "city_id":"71"
    },
    {
      "id":"101",
      "title":"منجوان",
      "slug":"Lentil",
      "city_id":"71"
    },
    {
      "id":"102",
      "title":"انزل",
      "slug":"Anzal",
      "city_id":"72"
    },
    {
      "id":"103",
      "title":"سيلوانه",
      "slug":"Silvaneh",
      "city_id":"72"
    },
    {
      "id":"104",
      "title":"صومائ برادوست",
      "slug":"Svmay Brados",
      "city_id":"72"
    },
    {
      "id":"105",
      "title":"نازلو",
      "slug":"Nozzles",
      "city_id":"72"
    },
    {
      "id":"106",
      "title":"لاجان",
      "slug":"Lajan",
      "city_id":"73"
    },
    {
      "id":"107",
      "title":"صفائيه",
      "slug":"Safaieh",
      "city_id":"74"
    },
    {
      "id":"108",
      "title":"ايواوغلي",
      "slug":"Ivughli",
      "city_id":"74"
    },
    {
      "id":"109",
      "title":"قطور",
      "slug":"Thick-set",
      "city_id":"74"
    },
    {
      "id":"110",
      "title":"وزينه",
      "slug":"Vzynh",
      "city_id":"75"
    },
    {
      "id":"111",
      "title":"كوهسار",
      "slug":"Kouhsar",
      "city_id":"76"
    },
    {
      "id":"112",
      "title":"بازرگان",
      "slug":"Businessman",
      "city_id":"77"
    },
    {
      "id":"113",
      "title":"خليفان",
      "slug":"Khalif",
      "city_id":"78"
    },
    {
      "id":"114",
      "title":"مرحمت آباد",
      "slug":"Marhamatabad",
      "city_id":"79"
    },
    {
      "id":"115",
      "title":"باروق",
      "slug":"Baroogh",
      "city_id":"79"
    },
    {
      "id":"116",
      "title":"محمديار",
      "slug":"Mohamadyar",
      "city_id":"80"
    },
    {
      "id":"117",
      "title":"سيمينه",
      "slug":"Simineh",
      "city_id":"81"
    },
    {
      "id":"118",
      "title":"كشاورز",
      "slug":"Farmer",
      "city_id":"82"
    },
    {
      "id":"119",
      "title":"تخت سليمان",
      "slug":"Takht-e Soleiman",
      "city_id":"83"
    },
    {
      "id":"120",
      "title":"نالوس",
      "slug":"Nalus",
      "city_id":"84"
    },
    {
      "id":"121",
      "title":"دشتك",
      "slug":"Dashtak",
      "city_id":"85"
    },
    {
      "id":"122",
      "title":"ارس",
      "slug":"Aras",
      "city_id":"86"
    },
    {
      "id":"123",
      "title":"حاجيلار",
      "slug":"Hajjilar District",
      "city_id":"87"
    },
    {
      "id":"124",
      "title":"قره قويون",
      "slug":"Nagorno Qoyoon",
      "city_id":"88"
    },
    {
      "id":"125",
      "title":"حميل",
      "slug":"HAMIL",
      "city_id":"89"
    },
    {
      "id":"126",
      "title":"فيروزاباد",
      "slug":"Firozabad",
      "city_id":"90"
    },
    {
      "id":"127",
      "title":"ماهيدشت",
      "slug":"Mahidasht",
      "city_id":"90"
    },
    {
      "id":"128",
      "title":"کوزران",
      "slug":"Kuzaran",
      "city_id":"90"
    },
    {
      "id":"129",
      "title":"بيلوار",
      "slug":"Bilavar",
      "city_id":"90"
    },
    {
      "id":"130",
      "title":"باينگان",
      "slug":"Bayangan",
      "city_id":"91"
    },
    {
      "id":"131",
      "title":"نوسود",
      "slug":"Nowsood",
      "city_id":"91"
    },
    {
      "id":"132",
      "title":"قلعه شاهين",
      "slug":"Castle Sh",
      "city_id":"92"
    },
    {
      "id":"133",
      "title":"کليايي",
      "slug":"Koliaie",
      "city_id":"93"
    },
    {
      "id":"134",
      "title":"سومار",
      "slug":"Sumar",
      "city_id":"94"
    },
    {
      "id":"135",
      "title":"گواور",
      "slug":"Gvavr",
      "city_id":"96"
    },
    {
      "id":"136",
      "title":"کلاشي",
      "slug":"Extortionist",
      "city_id":"97"
    },
    {
      "id":"137",
      "title":"دينور",
      "slug":"Dinawar",
      "city_id":"98"
    },
    {
      "id":"138",
      "title":"بيستون",
      "slug":"Bisotun",
      "city_id":"99"
    },
    {
      "id":"139",
      "title":"ازگله",
      "slug":"Flock",
      "city_id":"100"
    },
    {
      "id":"140",
      "title":"گهواره",
      "slug":"Cradle",
      "city_id":"101"
    },
    {
      "id":"141",
      "title":"شاهو",
      "slug":"Shahoo",
      "city_id":"102"
    },
    {
      "id":"142",
      "title":"اروندکنار",
      "slug":"Arvandkenar",
      "city_id":"103"
    },
    {
      "id":"143",
      "title":"الوارگرمسيري",
      "slug":"Alvargrmsyry",
      "city_id":"104"
    },
    {
      "id":"144",
      "title":"اسماعيليه",
      "slug":"Ismaili",
      "city_id":"105"
    },
    {
      "id":"145",
      "title":"غيزانيه",
      "slug":"Ghyzanyh",
      "city_id":"105"
    },
    {
      "id":"146",
      "title":"دهدز",
      "slug":"Dehdez",
      "city_id":"106"
    },
    {
      "id":"147",
      "title":"سوسن",
      "slug":"Lily",
      "city_id":"106"
    },
    {
      "id":"148",
      "title":"بندرامام خميني",
      "slug":"Bandar Imam Khomeini",
      "city_id":"107"
    },
    {
      "id":"149",
      "title":"زيدون",
      "slug":"Zydvn",
      "city_id":"108"
    },
    {
      "id":"150",
      "title":"تشان",
      "slug":"Teshan",
      "city_id":"108"
    },
    {
      "id":"151",
      "title":"مينو",
      "slug":"Minoo",
      "city_id":"109"
    },
    {
      "id":"152",
      "title":"سردشت",
      "slug":"Sardasht",
      "city_id":"110"
    },
    {
      "id":"153",
      "title":"چغاميش",
      "slug":"Chogha Mish",
      "city_id":"110"
    },
    {
      "id":"154",
      "title":"شهيون",
      "slug":"Shhyvn",
      "city_id":"110"
    },
    {
      "id":"155",
      "title":"بستان",
      "slug":"Bostan",
      "city_id":"111"
    },
    {
      "id":"156",
      "title":"رودزرد",
      "slug":"Rvdzrd",
      "city_id":"112"
    },
    {
      "id":"157",
      "title":"سلطان آباد",
      "slug":"Sultanabad",
      "city_id":"112"
    },
    {
      "id":"158",
      "title":"ابولفارس",
      "slug":"Abvlfars",
      "city_id":"112"
    },
    {
      "id":"159",
      "title":"خنافره",
      "slug":"Khanafereh",
      "city_id":"113"
    },
    {
      "id":"160",
      "title":"دارخوين",
      "slug":"Darkhovain",
      "city_id":"113"
    },
    {
      "id":"161",
      "title":"شعيبيه",
      "slug":"Shybyh",
      "city_id":"114"
    },
    {
      "id":"162",
      "title":"ميان آب",
      "slug":"The water",
      "city_id":"114"
    },
    {
      "id":"163",
      "title":"گلگير",
      "slug":"Fender",
      "city_id":"115"
    },
    {
      "id":"164",
      "title":"عنبر",
      "slug":"Amber",
      "city_id":"115"
    },
    {
      "id":"165",
      "title":"شاوور",
      "slug":"Shavoor",
      "city_id":"116"
    },
    {
      "id":"166",
      "title":"فتح المبين",
      "slug":"Fatah al-",
      "city_id":"116"
    },
    {
      "id":"167",
      "title":"صيدون",
      "slug":"Sidon",
      "city_id":"117"
    },
    {
      "id":"168",
      "title":"ميداود",
      "slug":"Mydavd",
      "city_id":"117"
    },
    {
      "id":"169",
      "title":"جايزان",
      "slug":"Allowable",
      "city_id":"118"
    },
    {
      "id":"170",
      "title":"حتي",
      "slug":"Even",
      "city_id":"119"
    },
    {
      "id":"171",
      "title":"چم خلف عيسي",
      "slug":"Cham Khalaf Jesus",
      "city_id":"120"
    },
    {
      "id":"172",
      "title":"مشراگه",
      "slug":"Meshrageh",
      "city_id":"121"
    },
    {
      "id":"173",
      "title":"عقيلي",
      "slug":"Aghili",
      "city_id":"122"
    },
    {
      "id":"174",
      "title":"آبژدان",
      "slug":"Bzhdan",
      "city_id":"123"
    },
    {
      "id":"175",
      "title":"چلو",
      "slug":"Chelo",
      "city_id":"123"
    },
    {
      "id":"176",
      "title":"رغيوه",
      "slug":"Rghyvh",
      "city_id":"124"
    },
    {
      "id":"177",
      "title":"نيسان",
      "slug":"Nissan",
      "city_id":"125"
    },
    {
      "id":"178",
      "title":"ويس",
      "slug":"Wais",
      "city_id":"126"
    },
    {
      "id":"179",
      "title":"گمبوعه",
      "slug":"Gmbvh",
      "city_id":"127"
    },
    {
      "id":"180",
      "title":"جولکي",
      "slug":"Julaki",
      "city_id":"128"
    },
    {
      "id":"181",
      "title":"سويسه",
      "slug":"Svys·h",
      "city_id":"129"
    },
    {
      "id":"182",
      "title":"رونيز",
      "slug":"Roniz",
      "city_id":"131"
    },
    {
      "id":"183",
      "title":"سده",
      "slug":"Century",
      "city_id":"132"
    },
    {
      "id":"184",
      "title":"حسن آباد",
      "slug":"Hasan Abad",
      "city_id":"132"
    },
    {
      "id":"185",
      "title":"خفر",
      "slug":"Khafr",
      "city_id":"133"
    },
    {
      "id":"186",
      "title":"سيمکان",
      "slug":"Simakan",
      "city_id":"133"
    },
    {
      "id":"187",
      "title":"کرديان",
      "slug":"Kordian",
      "city_id":"133"
    },
    {
      "id":"188",
      "title":"رستاق",
      "slug":"Rustaq",
      "city_id":"134"
    },
    {
      "id":"189",
      "title":"فورگ",
      "slug":"Citadel",
      "city_id":"134"
    },
    {
      "id":"190",
      "title":"جنت",
      "slug":"Janet",
      "city_id":"134"
    },
    {
      "id":"191",
      "title":"بيضا",
      "slug":"Bayda",
      "city_id":"135"
    },
    {
      "id":"192",
      "title":"همايجان",
      "slug":"Hmayjan",
      "city_id":"135"
    },
    {
      "id":"193",
      "title":"زرقان",
      "slug":"Zarghan",
      "city_id":"136"
    },
    {
      "id":"194",
      "title":"ارژن",
      "slug":"Arjan",
      "city_id":"136"
    },
    {
      "id":"195",
      "title":"ششده وقره بلاغ",
      "slug":"Sheshdeh Vqrh Gorge",
      "city_id":"137"
    },
    {
      "id":"196",
      "title":"شيبکوه",
      "slug":"Shybkvh",
      "city_id":"137"
    },
    {
      "id":"197",
      "title":"نوبندگان",
      "slug":"Nvbndgan",
      "city_id":"137"
    },
    {
      "id":"198",
      "title":"ميمند",
      "slug":"Meimand",
      "city_id":"138"
    },
    {
      "id":"199",
      "title":"جره وبالاده",
      "slug":"Teal Vbaladh",
      "city_id":"139"
    },
    {
      "id":"200",
      "title":"کنار تخته و کمارج",
      "slug":"The board Kmarj",
      "city_id":"139"
    },
    {
      "id":"201",
      "title":"کوهمره",
      "slug":"Kvhmrh",
      "city_id":"139"
    },
    {
      "id":"202",
      "title":"چنارشاهيجان",
      "slug":"Chnarshahyjan",
      "city_id":"139"
    },
    {
      "id":"203",
      "title":"خشت",
      "slug":"Brick",
      "city_id":"139"
    },
    {
      "id":"204",
      "title":"اوز",
      "slug":"Oz",
      "city_id":"140"
    },
    {
      "id":"205",
      "title":"جويم",
      "slug":"Pursuing",
      "city_id":"140"
    },
    {
      "id":"206",
      "title":"بيرم",
      "slug":"Bayram",
      "city_id":"140"
    },
    {
      "id":"207",
      "title":"بنارويه",
      "slug":"Banaruiyeh",
      "city_id":"140"
    },
    {
      "id":"208",
      "title":"صحراي باغ",
      "slug":"Desert Garden",
      "city_id":"140"
    },
    {
      "id":"209",
      "title":"کامفيروز",
      "slug":"Kamfiruz",
      "city_id":"141"
    },
    {
      "id":"210",
      "title":"درودزن",
      "slug":"Doroodzan",
      "city_id":"141"
    },
    {
      "id":"211",
      "title":"سيدان",
      "slug":"Seyyedan",
      "city_id":"141"
    },
    {
      "id":"212",
      "title":"کر",
      "slug":"Deaf",
      "city_id":"141"
    },
    {
      "id":"213",
      "title":"ماهورميلاني",
      "slug":"Mahvrmylany",
      "city_id":"142"
    },
    {
      "id":"214",
      "title":"دشمن زياري",
      "slug":"Doshmanziare",
      "city_id":"142"
    },
    {
      "id":"215",
      "title":"آباده طشک",
      "slug":"Abade Tashk",
      "city_id":"143"
    },
    {
      "id":"216",
      "title":"پشتکوه",
      "slug":"Poshtkuh",
      "city_id":"143"
    },
    {
      "id":"217",
      "title":"قطرويه",
      "slug":"Qatruyeh",
      "city_id":"143"
    },
    {
      "id":"218",
      "title":"اشکنان",
      "slug":"Eshkanan",
      "city_id":"144"
    },
    {
      "id":"219",
      "title":"علامرودشت",
      "slug":"Alamarvdasht",
      "city_id":"144"
    },
    {
      "id":"220",
      "title":"چاه ورز",
      "slug":"Well kneading",
      "city_id":"144"
    },
    {
      "id":"221",
      "title":"سرچهان",
      "slug":"Srchhan",
      "city_id":"145"
    },
    {
      "id":"222",
      "title":"مزايجان",
      "slug":"Mazayjan, Bavanat",
      "city_id":"145"
    },
    {
      "id":"223",
      "title":"مشهدمرغاب",
      "slug":"Mshhdmrghab",
      "city_id":"147"
    },
    {
      "id":"224",
      "title":"ايزدخواست",
      "slug":"Izadkhast",
      "city_id":"148"
    },
    {
      "id":"225",
      "title":"افزر",
      "slug":"Changhl",
      "city_id":"149"
    },
    {
      "id":"226",
      "title":"گله دار",
      "slug":"Herdsman",
      "city_id":"150"
    },
    {
      "id":"227",
      "title":"وراوي",
      "slug":"Varavi",
      "city_id":"150"
    },
    {
      "id":"228",
      "title":"اسير",
      "slug":"Captive",
      "city_id":"150"
    },
    {
      "id":"229",
      "title":"دهرم",
      "slug":"Dehram",
      "city_id":"151"
    },
    {
      "id":"230",
      "title":"پاسارگاد",
      "slug":"Pasargad",
      "city_id":"152"
    },
    {
      "id":"231",
      "title":"محمله",
      "slug":"Mahmeleh",
      "city_id":"153"
    },
    {
      "id":"232",
      "title":"کوهنجان",
      "slug":"Kvhnjan",
      "city_id":"154"
    },
    {
      "id":"233",
      "title":"سورنا",
      "slug":"Surena",
      "city_id":"155"
    },
    {
      "id":"234",
      "title":"ارد",
      "slug":"Flour",
      "city_id":"156"
    },
    {
      "id":"235",
      "title":"طسوج",
      "slug":"Tsvj",
      "city_id":"157"
    },
    {
      "id":"236",
      "title":"کربال",
      "slug":"Karbala",
      "city_id":"158"
    },
    {
      "id":"237",
      "title":"خبر",
      "slug":"News",
      "city_id":"159"
    },
    {
      "id":"238",
      "title":"بروات",
      "slug":"Bill",
      "city_id":"160"
    },
    {
      "id":"239",
      "title":"ساردوئيه",
      "slug":"Sarduieh",
      "city_id":"161"
    },
    {
      "id":"240",
      "title":"جبالبارز",
      "slug":"Jabālbārez",
      "city_id":"161"
    },
    {
      "id":"241",
      "title":"اسماعيلي",
      "slug":"Esmaeili",
      "city_id":"161"
    },
    {
      "id":"242",
      "title":"كشكوئيه",
      "slug":"KASHKOOYEH",
      "city_id":"162"
    },
    {
      "id":"243",
      "title":"نوق",
      "slug":"Noogh",
      "city_id":"162"
    },
    {
      "id":"244",
      "title":"فردوس",
      "slug":"Paradise",
      "city_id":"162"
    },
    {
      "id":"245",
      "title":"يزدان آباد",
      "slug":"God Abad",
      "city_id":"163"
    },
    {
      "id":"246",
      "title":"پاريز",
      "slug":"Underflow",
      "city_id":"164"
    },
    {
      "id":"247",
      "title":"گلستان",
      "slug":"Golestan",
      "city_id":"164"
    },
    {
      "id":"248",
      "title":"زيدآباد",
      "slug":"Zeidabad",
      "city_id":"164"
    },
    {
      "id":"249",
      "title":"بلورد",
      "slug":"Druse",
      "city_id":"164"
    },
    {
      "id":"250",
      "title":"دهج",
      "slug":"Dehaj",
      "city_id":"165"
    },
    {
      "id":"251",
      "title":"شهداد",
      "slug":"Shahdad",
      "city_id":"166"
    },
    {
      "id":"252",
      "title":"گلباف",
      "slug":"Golbaf",
      "city_id":"166"
    },
    {
      "id":"253",
      "title":"ماهان",
      "slug":"Mahan",
      "city_id":"166"
    },
    {
      "id":"254",
      "title":"راين",
      "slug":"Rhine",
      "city_id":"166"
    },
    {
      "id":"255",
      "title":"چترود",
      "slug":"Chatroud",
      "city_id":"166"
    },
    {
      "id":"256",
      "title":"چاه مريد",
      "slug":"Well disciple",
      "city_id":"167"
    },
    {
      "id":"257",
      "title":"لاله زار",
      "slug":"Laleh Zar",
      "city_id":"168"
    },
    {
      "id":"258",
      "title":"گلزار",
      "slug":"Food",
      "city_id":"168"
    },
    {
      "id":"259",
      "title":"نگار",
      "slug":"Journalist",
      "city_id":"168"
    },
    {
      "id":"260",
      "title":"كوهساران",
      "slug":"Mountainside",
      "city_id":"169"
    },
    {
      "id":"261",
      "title":"جبالبارزجنوبي",
      "slug":"Jbalbarzjnvby",
      "city_id":"170"
    },
    {
      "id":"262",
      "title":"آسمينون",
      "slug":"Aseminun",
      "city_id":"171"
    },
    {
      "id":"263",
      "title":"طغرل الجرد",
      "slug":"Tugrul Aljrd",
      "city_id":"172"
    },
    {
      "id":"264",
      "title":"جازموريان",
      "slug":"Jazmurian",
      "city_id":"173"
    },
    {
      "id":"265",
      "title":"چاه دادخدا",
      "slug":"Well Dadkhoda",
      "city_id":"174"
    },
    {
      "id":"266",
      "title":"گنبكي",
      "slug":"Gonbaki",
      "city_id":"175"
    },
    {
      "id":"267",
      "title":"هنزا",
      "slug":"Hanza, rabor",
      "city_id":"176"
    },
    {
      "id":"268",
      "title":"نگين كوير",
      "slug":"Jewel",
      "city_id":"177"
    },
    {
      "id":"269",
      "title":"انار",
      "slug":"Pomegranate",
      "city_id":"178"
    },
    {
      "id":"270",
      "title":"روداب",
      "slug":"Roudab",
      "city_id":"179"
    },
    {
      "id":"271",
      "title":"حور",
      "slug":"Hur",
      "city_id":"180"
    },
    {
      "id":"272",
      "title":"صوغان",
      "slug":"Soghan",
      "city_id":"181"
    },
    {
      "id":"273",
      "title":"ميان ولايت",
      "slug":"The province",
      "city_id":"182"
    },
    {
      "id":"274",
      "title":"بايك",
      "slug":"Valve",
      "city_id":"183"
    },
    {
      "id":"275",
      "title":"كدكن",
      "slug":"Kadkan",
      "city_id":"183"
    },
    {
      "id":"276",
      "title":"جلگه رخ",
      "slug":"Plain happen",
      "city_id":"183"
    },
    {
      "id":"277",
      "title":"صالح آباد",
      "slug":"Saleh Abad",
      "city_id":"184"
    },
    {
      "id":"278",
      "title":"نصرآباد",
      "slug":"Nasrabad",
      "city_id":"184"
    },
    {
      "id":"279",
      "title":"بوژگان",
      "slug":"Buzhgan",
      "city_id":"184"
    },
    {
      "id":"280",
      "title":"پائين جام",
      "slug":"Bottom of the cup",
      "city_id":"184"
    },
    {
      "id":"281",
      "title":"چاپشلو",
      "slug":"Chapeshlu",
      "city_id":"185"
    },
    {
      "id":"282",
      "title":"لطف آباد",
      "slug":"Lotfabad",
      "city_id":"185"
    },
    {
      "id":"283",
      "title":"نوخندان",
      "slug":"Nokhandan",
      "city_id":"185"
    },
    {
      "id":"284",
      "title":"ششتمد",
      "slug":"Sheshtamadi",
      "city_id":"186"
    },
    {
      "id":"285",
      "title":"باجگيران",
      "slug":"Bajgiran",
      "city_id":"187"
    },
    {
      "id":"286",
      "title":"كوهسرخ",
      "slug":"Kvhsrkh",
      "city_id":"188"
    },
    {
      "id":"287",
      "title":"كاخك",
      "slug":"Kakhk",
      "city_id":"189"
    },
    {
      "id":"288",
      "title":"احمدآباد",
      "slug":"Ahmedabad",
      "city_id":"190"
    },
    {
      "id":"289",
      "title":"رضويه",
      "slug":"RAZAVIEHRAZAVIEH",
      "city_id":"190"
    },
    {
      "id":"290",
      "title":"زبرخان",
      "slug":"Zbrkhan",
      "city_id":"191"
    },
    {
      "id":"291",
      "title":"سرولايت",
      "slug":"Sarvelayat",
      "city_id":"191"
    },
    {
      "id":"292",
      "title":"ميان جلگه",
      "slug":"The plain",
      "city_id":"191"
    },
    {
      "id":"293",
      "title":"گلبهار",
      "slug":"Gulbahar",
      "city_id":"192"
    },
    {
      "id":"294",
      "title":"سنگان",
      "slug":"Sangan",
      "city_id":"193"
    },
    {
      "id":"295",
      "title":"جلگه زوزن",
      "slug":"Plain Zvzn",
      "city_id":"193"
    },
    {
      "id":"296",
      "title":"سلامي",
      "slug":"Salami",
      "city_id":"193"
    },
    {
      "id":"297",
      "title":"مرزداران",
      "slug":"Marzdaran",
      "city_id":"194"
    },
    {
      "id":"298",
      "title":"قلندرآباد",
      "slug":"Qalandarabad",
      "city_id":"195"
    },
    {
      "id":"299",
      "title":"انابد",
      "slug":"Anabd",
      "city_id":"196"
    },
    {
      "id":"300",
      "title":"شهرآباد",
      "slug":"Shahrabadi",
      "city_id":"196"
    },
    {
      "id":"301",
      "title":"جنگل",
      "slug":"Jungle",
      "city_id":"197"
    },
    {
      "id":"302",
      "title":"زاوين",
      "slug":"Zavyn",
      "city_id":"198"
    },
    {
      "id":"303",
      "title":"ششطراز",
      "slug":"Shshtraz",
      "city_id":"199"
    },
    {
      "id":"304",
      "title":"شادمهر",
      "slug":"Shadmehr",
      "city_id":"200"
    },
    {
      "id":"305",
      "title":"يونسي",
      "slug":"YOUNESI",
      "city_id":"201"
    },
    {
      "id":"306",
      "title":"طرقبه",
      "slug":"Torghabeh",
      "city_id":"202"
    },
    {
      "id":"307",
      "title":"شانديز",
      "slug":"SHANDIZ",
      "city_id":"202"
    },
    {
      "id":"308",
      "title":"طاغنكوه",
      "slug":"Taghnkvh",
      "city_id":"203"
    },
    {
      "id":"309",
      "title":"هلالي",
      "slug":"Crescent",
      "city_id":"204"
    },
    {
      "id":"310",
      "title":"سليمان",
      "slug":"Suleiman",
      "city_id":"205"
    },
    {
      "id":"311",
      "title":"عطاملك",
      "slug":"Ata Malek",
      "city_id":"206"
    },
    {
      "id":"312",
      "title":"بالا ولايت",
      "slug":"Top Province",
      "city_id":"207"
    },
    {
      "id":"313",
      "title":"مشكان",
      "slug":"Meshkani",
      "city_id":"208"
    },
    {
      "id":"314",
      "title":"باشتين",
      "slug":"Bashtin",
      "city_id":"209"
    },
    {
      "id":"315",
      "title":"زواره",
      "slug":"Zavareh",
      "city_id":"210"
    },
    {
      "id":"316",
      "title":"جرقويه سفلي",
      "slug":"Lower Jarghoyeh",
      "city_id":"211"
    },
    {
      "id":"317",
      "title":"کوهپايه",
      "slug":"Foothills",
      "city_id":"211"
    },
    {
      "id":"318",
      "title":"جرقويه عليا",
      "slug":"Upper Jarghoyeh",
      "city_id":"211"
    },
    {
      "id":"319",
      "title":"بن رود",
      "slug":"Ben goes",
      "city_id":"211"
    },
    {
      "id":"320",
      "title":"جلگه",
      "slug":"Plain",
      "city_id":"211"
    },
    {
      "id":"321",
      "title":"پادنا",
      "slug":"Padena",
      "city_id":"214"
    },
    {
      "id":"322",
      "title":"دناکوه",
      "slug":"Dnakvh",
      "city_id":"214"
    },
    {
      "id":"323",
      "title":"وردشت",
      "slug":"Vardasht",
      "city_id":"214"
    },
    {
      "id":"324",
      "title":"زنده رود",
      "slug":"Goes live",
      "city_id":"215"
    },
    {
      "id":"325",
      "title":"پيربکران",
      "slug":"PIR BAKRAN",
      "city_id":"217"
    },
    {
      "id":"326",
      "title":"قهدريجان",
      "slug":"Qahderijan",
      "city_id":"217"
    },
    {
      "id":"327",
      "title":"قمصر",
      "slug":"Ghamsar",
      "city_id":"219"
    },
    {
      "id":"328",
      "title":"نياسر",
      "slug":"Niasar",
      "city_id":"219"
    },
    {
      "id":"329",
      "title":"برزک",
      "slug":"Barzok",
      "city_id":"219"
    },
    {
      "id":"330",
      "title":"باغ بهادران",
      "slug":"Baghbahadoran",
      "city_id":"221"
    },
    {
      "id":"331",
      "title":"انارک",
      "slug":"Anarak",
      "city_id":"222"
    },
    {
      "id":"332",
      "title":"مهردشت",
      "slug":"Mehrdasht",
      "city_id":"223"
    },
    {
      "id":"333",
      "title":"امام زاده",
      "slug":"Imam Zadeh",
      "city_id":"224"
    },
    {
      "id":"334",
      "title":"ميمه",
      "slug":"Meymeh",
      "city_id":"225"
    },
    {
      "id":"335",
      "title":"گرکن جنوبي",
      "slug":"South Grkn",
      "city_id":"226"
    },
    {
      "id":"336",
      "title":"کويرات",
      "slug":"Desert",
      "city_id":"227"
    },
    {
      "id":"337",
      "title":"کرون",
      "slug":"Krone",
      "city_id":"228"
    },
    {
      "id":"338",
      "title":"چنارود",
      "slug":"Chnarvd",
      "city_id":"229"
    },
    {
      "id":"339",
      "title":"حبيب آباد",
      "slug":"Habibabadi",
      "city_id":"231"
    },
    {
      "id":"340",
      "title":"کرچمبو",
      "slug":"Krchmbv",
      "city_id":"233"
    },
    {
      "id":"341",
      "title":"بزمان",
      "slug":"Bozman",
      "city_id":"234"
    },
    {
      "id":"342",
      "title":"بمپور",
      "slug":"CASTEL",
      "city_id":"234"
    },
    {
      "id":"343",
      "title":"دشتيارئ",
      "slug":"Dashtiari",
      "city_id":"235"
    },
    {
      "id":"344",
      "title":"پلان",
      "slug":"Plan",
      "city_id":"235"
    },
    {
      "id":"345",
      "title":"نوك آباد",
      "slug":"Abad tip",
      "city_id":"236"
    },
    {
      "id":"346",
      "title":"ايرندگان",
      "slug":"Ayrndgan",
      "city_id":"236"
    },
    {
      "id":"347",
      "title":"نصرت آباد",
      "slug":"Nosrat Abad",
      "city_id":"238"
    },
    {
      "id":"348",
      "title":"كورين",
      "slug":"Corinne",
      "city_id":"238"
    },
    {
      "id":"349",
      "title":"جالق",
      "slug":"Jaleq",
      "city_id":"239"
    },
    {
      "id":"350",
      "title":"بم پشت",
      "slug":"Bam behind",
      "city_id":"239"
    },
    {
      "id":"351",
      "title":"بنت",
      "slug":"Bennett",
      "city_id":"240"
    },
    {
      "id":"352",
      "title":"لاشار",
      "slug":"Wiki",
      "city_id":"240"
    },
    {
      "id":"353",
      "title":"آهوران",
      "slug":"Ahura",
      "city_id":"240"
    },
    {
      "id":"354",
      "title":"پيشين",
      "slug":"Previous",
      "city_id":"241"
    },
    {
      "id":"355",
      "title":"سرباز",
      "slug":"Soldier",
      "city_id":"241"
    },
    {
      "id":"356",
      "title":"پارود",
      "slug":"Parody",
      "city_id":"241"
    },
    {
      "id":"357",
      "title":"زرآباد",
      "slug":"Zarabad",
      "city_id":"242"
    },
    {
      "id":"358",
      "title":"جزينك",
      "slug":"Jzynk",
      "city_id":"243"
    },
    {
      "id":"359",
      "title":"قرقري",
      "slug":"Qorqori",
      "city_id":"244"
    },
    {
      "id":"360",
      "title":"جلگه چاه هاشم",
      "slug":"Well plain Hashem",
      "city_id":"245"
    },
    {
      "id":"361",
      "title":"آشار",
      "slug":"Tips",
      "city_id":"246"
    },
    {
      "id":"362",
      "title":"هيدوچ",
      "slug":"Hiduj",
      "city_id":"247"
    },
    {
      "id":"363",
      "title":"صابري",
      "slug":"Saberi",
      "city_id":"248"
    },
    {
      "id":"364",
      "title":"تيمورآباد",
      "slug":"Tymvrabad",
      "city_id":"249"
    },
    {
      "id":"365",
      "title":"لاديز",
      "slug":"Ladiz",
      "city_id":"250"
    },
    {
      "id":"366",
      "title":"ريگ ملک",
      "slug":"Rig Malek",
      "city_id":"250"
    },
    {
      "id":"367",
      "title":"ساربوک",
      "slug":"Sarbvk",
      "city_id":"251"
    },
    {
      "id":"368",
      "title":"تلنگ",
      "slug":"Tlng",
      "city_id":"251"
    },
    {
      "id":"369",
      "title":"کتيج",
      "slug":"Ktyj",
      "city_id":"252"
    },
    {
      "id":"370",
      "title":"آرمرده",
      "slug":"Armardeh",
      "city_id":"253"
    },
    {
      "id":"371",
      "title":"نمشير",
      "slug":"Nmshyr",
      "city_id":"253"
    },
    {
      "id":"372",
      "title":"ننور",
      "slug":"Nnvr",
      "city_id":"253"
    },
    {
      "id":"373",
      "title":"چنگ الماس",
      "slug":"Cheng Diamond",
      "city_id":"254"
    },
    {
      "id":"374",
      "title":"كراني",
      "slug":"Bound",
      "city_id":"254"
    },
    {
      "id":"375",
      "title":"زيويه",
      "slug":"Zivieh",
      "city_id":"255"
    },
    {
      "id":"376",
      "title":"سرشيو",
      "slug":"Sarshiv",
      "city_id":"255"
    },
    {
      "id":"377",
      "title":"امام",
      "slug":"Imam",
      "city_id":"255"
    },
    {
      "id":"378",
      "title":"كلاترزان",
      "slug":"Klatrzan",
      "city_id":"256"
    },
    {
      "id":"379",
      "title":"حسين آباد",
      "slug":"Hosein Abad",
      "city_id":"256"
    },
    {
      "id":"380",
      "title":"سيروان",
      "slug":"Sirvan",
      "city_id":"256"
    },
    {
      "id":"381",
      "title":"سريش آباد",
      "slug":"Glue Abad",
      "city_id":"257"
    },
    {
      "id":"382",
      "title":"چهاردولي",
      "slug":"Chahardoli",
      "city_id":"257"
    },
    {
      "id":"383",
      "title":"دلبران",
      "slug":"Delbaran",
      "city_id":"257"
    },
    {
      "id":"384",
      "title":"خاووميرآباد",
      "slug":"Khavvmyrabad",
      "city_id":"258"
    },
    {
      "id":"385",
      "title":"كرفتو",
      "slug":"Karaftoo",
      "city_id":"259"
    },
    {
      "id":"386",
      "title":"سارال",
      "slug":"Saral",
      "city_id":"259"
    },
    {
      "id":"387",
      "title":"موچش",
      "slug":"Muchesh",
      "city_id":"260"
    },
    {
      "id":"388",
      "title":"اورامان",
      "slug":"Uraman",
      "city_id":"261"
    },
    {
      "id":"389",
      "title":"بلبان آباد",
      "slug":"Bolbanabad",
      "city_id":"262"
    },
    {
      "id":"390",
      "title":"قلقل رود",
      "slug":"Is Gholghol",
      "city_id":"263"
    },
    {
      "id":"391",
      "title":"جوكار",
      "slug":"Joukar",
      "city_id":"264"
    },
    {
      "id":"392",
      "title":"سامن",
      "slug":"Samen",
      "city_id":"264"
    },
    {
      "id":"393",
      "title":"زند",
      "slug":"Zand",
      "city_id":"264"
    },
    {
      "id":"394",
      "title":"خزل",
      "slug":"Khezel",
      "city_id":"265"
    },
    {
      "id":"395",
      "title":"زرين دشت",
      "slug":"Zarrindasht",
      "city_id":"265"
    },
    {
      "id":"396",
      "title":"گيان",
      "slug":"Gyan",
      "city_id":"265"
    },
    {
      "id":"397",
      "title":"شراء",
      "slug":"Purchase of",
      "city_id":"266"
    },
    {
      "id":"398",
      "title":"گل تپه",
      "slug":"Flower Mound",
      "city_id":"267"
    },
    {
      "id":"399",
      "title":"شيرين سو",
      "slug":"Sweet Sue",
      "city_id":"267"
    },
    {
      "id":"400",
      "title":"پيرسلمان",
      "slug":"Pyrslman",
      "city_id":"268"
    },
    {
      "id":"401",
      "title":"لالجين",
      "slug":"Lalejin",
      "city_id":"269"
    },
    {
      "id":"402",
      "title":"سردرود",
      "slug":"Sardrood",
      "city_id":"270"
    },
    {
      "id":"403",
      "title":"قروه درجزين",
      "slug":"Qorveh Darjazin",
      "city_id":"270"
    },
    {
      "id":"404",
      "title":"پيشخور",
      "slug":"Feedforward",
      "city_id":"271"
    },
    {
      "id":"405",
      "title":"گندمان",
      "slug":"Gandoman",
      "city_id":"272"
    },
    {
      "id":"406",
      "title":"بلداجي",
      "slug":"Boldaji",
      "city_id":"272"
    },
    {
      "id":"407",
      "title":"لاران",
      "slug":"Laran",
      "city_id":"273"
    },
    {
      "id":"408",
      "title":"فرخشهر",
      "slug":"Farokhshahr",
      "city_id":"273"
    },
    {
      "id":"409",
      "title":"بابا حيدر",
      "slug":"Baba Haider",
      "city_id":"274"
    },
    {
      "id":"410",
      "title":"جونقان",
      "slug":"Jooneghan",
      "city_id":"274"
    },
    {
      "id":"411",
      "title":"فلارد",
      "slug":"Falard",
      "city_id":"275"
    },
    {
      "id":"412",
      "title":"خانميرزا",
      "slug":"Khanmirza",
      "city_id":"275"
    },
    {
      "id":"413",
      "title":"منج",
      "slug":"Manj",
      "city_id":"275"
    },
    {
      "id":"414",
      "title":"روددشت",
      "slug":"Rvddsht",
      "city_id":"275"
    },
    {
      "id":"415",
      "title":"ميانكوه",
      "slug":"Miankouh",
      "city_id":"276"
    },
    {
      "id":"416",
      "title":"بازفت",
      "slug":"BAZOFT",
      "city_id":"277"
    },
    {
      "id":"417",
      "title":"دوآب صمصامي",
      "slug":"Doab Samsamie",
      "city_id":"277"
    },
    {
      "id":"418",
      "title":"ناغان",
      "slug":"Naghan",
      "city_id":"278"
    },
    {
      "id":"419",
      "title":"زاينده رود",
      "slug":"Zayandehrud",
      "city_id":"279"
    },
    {
      "id":"420",
      "title":"شيدا",
      "slug":"Shida",
      "city_id":"280"
    },
    {
      "id":"421",
      "title":"ززوماهرو",
      "slug":"Zzvmahrv",
      "city_id":"281"
    },
    {
      "id":"422",
      "title":"بشارت",
      "slug":"Annunciation",
      "city_id":"281"
    },
    {
      "id":"423",
      "title":"بربرود غربي",
      "slug":"West Brbrvd",
      "city_id":"281"
    },
    {
      "id":"424",
      "title":"بربرود شرقي",
      "slug":"East Brbrvd",
      "city_id":"281"
    },
    {
      "id":"425",
      "title":"اشترينان",
      "slug":"Oshtorinan",
      "city_id":"282"
    },
    {
      "id":"426",
      "title":"پاپي",
      "slug":"Papi",
      "city_id":"283"
    },
    {
      "id":"427",
      "title":"بيرانوند",
      "slug":"Biranvand",
      "city_id":"283"
    },
    {
      "id":"428",
      "title":"زاغه",
      "slug":"Thicket",
      "city_id":"283"
    },
    {
      "id":"429",
      "title":"کاکاوند",
      "slug":"Kakavand",
      "city_id":"284"
    },
    {
      "id":"430",
      "title":"خاوه",
      "slug":"Khave",
      "city_id":"284"
    },
    {
      "id":"431",
      "title":"سيلاخور",
      "slug":"Silakhor",
      "city_id":"285"
    },
    {
      "id":"432",
      "title":"طرهان",
      "slug":"Tarhani",
      "city_id":"286"
    },
    {
      "id":"433",
      "title":"کوهناني",
      "slug":"Kvhnany",
      "city_id":"286"
    },
    {
      "id":"434",
      "title":"درب گنبد",
      "slug":"Doors Dome",
      "city_id":"286"
    },
    {
      "id":"435",
      "title":"جاپلق",
      "slug":"Japlq",
      "city_id":"287"
    },
    {
      "id":"436",
      "title":"معمولان",
      "slug":"Mamulan",
      "city_id":"288"
    },
    {
      "id":"437",
      "title":"فيروزآباد",
      "slug":"Firozabad",
      "city_id":"289"
    },
    {
      "id":"438",
      "title":"چگني",
      "slug":"Chegeni",
      "city_id":"290"
    },
    {
      "id":"439",
      "title":"شاهيوند",
      "slug":"Shahivandi",
      "city_id":"290"
    },
    {
      "id":"440",
      "title":"ويسيان",
      "slug":"Vaisy",
      "city_id":"290"
    },
    {
      "id":"441",
      "title":"سوري",
      "slug":"Syrian",
      "city_id":"291"
    },
    {
      "id":"442",
      "title":"چوار",
      "slug":"Chvar",
      "city_id":"292"
    },
    {
      "id":"443",
      "title":"سيوان",
      "slug":"Sivan",
      "city_id":"292"
    },
    {
      "id":"444",
      "title":"ماژين",
      "slug":"Mazhin",
      "city_id":"293"
    },
    {
      "id":"445",
      "title":"زرين آباد",
      "slug":"Zarinabad",
      "city_id":"294"
    },
    {
      "id":"446",
      "title":"موسيان",
      "slug":"Moses",
      "city_id":"294"
    },
    {
      "id":"447",
      "title":"سراب ميمه",
      "slug":"Mirage Meymeh",
      "city_id":"294"
    },
    {
      "id":"448",
      "title":"هليلان",
      "slug":"Helilan",
      "city_id":"295"
    },
    {
      "id":"449",
      "title":"شباب",
      "slug":"Youth",
      "city_id":"295"
    },
    {
      "id":"450",
      "title":"زاگرس",
      "slug":"Zagros",
      "city_id":"295"
    },
    {
      "id":"451",
      "title":"كلات",
      "slug":"Kalat",
      "city_id":"297"
    },
    {
      "id":"452",
      "title":"سراب باغ",
      "slug":"Mirage Garden",
      "city_id":"297"
    },
    {
      "id":"453",
      "title":"زرنه",
      "slug":"Zarneh",
      "city_id":"298"
    },
    {
      "id":"454",
      "title":"گچي",
      "slug":"Plaster",
      "city_id":"299"
    },
    {
      "id":"455",
      "title":"کارزان",
      "slug":"Cars",
      "city_id":"300"
    },
    {
      "id":"456",
      "title":"هندميني",
      "slug":"Hndmyny",
      "city_id":"301"
    },
    {
      "id":"457",
      "title":"مارگون",
      "slug":"Margoon",
      "city_id":"302"
    },
    {
      "id":"458",
      "title":"لوداب",
      "slug":"Lvdab",
      "city_id":"302"
    },
    {
      "id":"459",
      "title":"کبگيان",
      "slug":"Kbgyan",
      "city_id":"302"
    },
    {
      "id":"460",
      "title":"چاروسا",
      "slug":"Charusa",
      "city_id":"303"
    },
    {
      "id":"461",
      "title":"ديشموك",
      "slug":"Dishmok",
      "city_id":"303"
    },
    {
      "id":"462",
      "title":"سوق",
      "slug":"Lead",
      "city_id":"303"
    },
    {
      "id":"463",
      "title":"پاتاوه",
      "slug":"Pataveh",
      "city_id":"305"
    },
    {
      "id":"464",
      "title":"بهمئي گرمسيرئ",
      "slug":"Tropical Bahmaie",
      "city_id":"306"
    },
    {
      "id":"465",
      "title":"سرفارياب",
      "slug":"Sarfaryab",
      "city_id":"307"
    },
    {
      "id":"466",
      "title":"بوستان",
      "slug":"Garden",
      "city_id":"308"
    },
    {
      "id":"467",
      "title":"موگرمون",
      "slug":"Mvgrmvn",
      "city_id":"309"
    },
    {
      "id":"468",
      "title":"خارك",
      "slug":"Khark",
      "city_id":"310"
    },
    {
      "id":"469",
      "title":"دلوار",
      "slug":"Delaware",
      "city_id":"311"
    },
    {
      "id":"470",
      "title":"سعدآباد",
      "slug":"Sa'dabad",
      "city_id":"312"
    },
    {
      "id":"471",
      "title":"شبانكاره",
      "slug":"Shabankareh",
      "city_id":"312"
    },
    {
      "id":"472",
      "title":"ارم",
      "slug":"Paradise",
      "city_id":"312"
    },
    {
      "id":"473",
      "title":"بوشكان",
      "slug":"Bushkan",
      "city_id":"312"
    },
    {
      "id":"474",
      "title":"آب پخش",
      "slug":"Water Play",
      "city_id":"312"
    },
    {
      "id":"475",
      "title":"كاكي",
      "slug":"Kaki",
      "city_id":"313"
    },
    {
      "id":"476",
      "title":"شنبه و طسوج",
      "slug":"Saturday and Tsvj",
      "city_id":"313"
    },
    {
      "id":"477",
      "title":"بردخون",
      "slug":"Bordekhoon",
      "city_id":"314"
    },
    {
      "id":"478",
      "title":"آبدان",
      "slug":"Abdan",
      "city_id":"314"
    },
    {
      "id":"479",
      "title":"ريگ",
      "slug":"Rig",
      "city_id":"316"
    },
    {
      "id":"480",
      "title":"امام حسن",
      "slug":"Imam Hassan",
      "city_id":"317"
    },
    {
      "id":"481",
      "title":"ريز",
      "slug":"Rees",
      "city_id":"318"
    },
    {
      "id":"482",
      "title":"چاه مبارک",
      "slug":"Happy wells",
      "city_id":"319"
    },
    {
      "id":"483",
      "title":"افشار",
      "slug":"Afshar",
      "city_id":"321"
    },
    {
      "id":"484",
      "title":"بزينه رود",
      "slug":"Is Bzynh",
      "city_id":"321"
    },
    {
      "id":"485",
      "title":"سجاس رود",
      "slug":"Is Me?",
      "city_id":"321"
    },
    {
      "id":"486",
      "title":"زنجانرود",
      "slug":"Zanjanrood",
      "city_id":"322"
    },
    {
      "id":"487",
      "title":"قره پشتلو",
      "slug":"Nagorno Pshtlv",
      "city_id":"322"
    },
    {
      "id":"488",
      "title":"حلب",
      "slug":"Tin",
      "city_id":"323"
    },
    {
      "id":"489",
      "title":"چورزق",
      "slug":"Chavarzaq",
      "city_id":"325"
    },
    {
      "id":"490",
      "title":"انگوران",
      "slug":"Anguran",
      "city_id":"326"
    },
    {
      "id":"491",
      "title":"باغ حلي",
      "slug":"Garden resolution",
      "city_id":"327"
    },
    {
      "id":"492",
      "title":"اميراباد",
      "slug":"Amirabad",
      "city_id":"328"
    },
    {
      "id":"493",
      "title":"بسطام",
      "slug":"Bastam",
      "city_id":"330"
    },
    {
      "id":"494",
      "title":"بيارجمند",
      "slug":"Biarjomand",
      "city_id":"330"
    },
    {
      "id":"495",
      "title":"ايوانكي",
      "slug":"Ivanaki",
      "city_id":"331"
    },
    {
      "id":"496",
      "title":"شهميرزاد",
      "slug":"Shahmirzad",
      "city_id":"332"
    },
    {
      "id":"497",
      "title":"کهن آباد",
      "slug":"Old Abad",
      "city_id":"333"
    },
    {
      "id":"498",
      "title":"کالپوش",
      "slug":"Kalpoosh",
      "city_id":"334"
    },
    {
      "id":"499",
      "title":"سرخه",
      "slug":"Sorkhe",
      "city_id":"335"
    },
    {
      "id":"500",
      "title":"خرانق",
      "slug":"Khranq",
      "city_id":"336"
    },
    {
      "id":"501",
      "title":"عقدا",
      "slug":"Aghda",
      "city_id":"336"
    },
    {
      "id":"502",
      "title":"نير",
      "slug":"Nir",
      "city_id":"338"
    },
    {
      "id":"503",
      "title":"گاريزات",
      "slug":"Garyzat",
      "city_id":"338"
    },
    {
      "id":"504",
      "title":"زارچ",
      "slug":"Zarch",
      "city_id":"340"
    },
    {
      "id":"505",
      "title":"ندوشن",
      "slug":"Nodoushan",
      "city_id":"341"
    },
    {
      "id":"506",
      "title":"بفروييه",
      "slug":"Bafruiyeh",
      "city_id":"341"
    },
    {
      "id":"507",
      "title":"بهمن",
      "slug":"Avalanche",
      "city_id":"342"
    },
    {
      "id":"508",
      "title":"خضرآباد",
      "slug":"Khezrabad",
      "city_id":"343"
    },
    {
      "id":"509",
      "title":"مروست",
      "slug":"Marvast",
      "city_id":"344"
    },
    {
      "id":"510",
      "title":"آسفيج",
      "slug":"Asfij",
      "city_id":"345"
    },
    {
      "id":"511",
      "title":"تنب",
      "slug":"Tunb",
      "city_id":"346"
    },
    {
      "id":"512",
      "title":"فين",
      "slug":"Finn",
      "city_id":"347"
    },
    {
      "id":"513",
      "title":"تخت",
      "slug":"Flat",
      "city_id":"347"
    },
    {
      "id":"514",
      "title":"قلعه قاضي",
      "slug":"Castle judge",
      "city_id":"347"
    },
    {
      "id":"515",
      "title":"شيبكوه",
      "slug":"Shybkvh",
      "city_id":"348"
    },
    {
      "id":"516",
      "title":"كيش",
      "slug":"Kish",
      "city_id":"348"
    },
    {
      "id":"517",
      "title":"مهران",
      "slug":"Mehran",
      "city_id":"348"
    },
    {
      "id":"518",
      "title":"شهاب",
      "slug":"Meteor",
      "city_id":"349"
    },
    {
      "id":"519",
      "title":"هرمز",
      "slug":"Hormuz",
      "city_id":"349"
    },
    {
      "id":"520",
      "title":"سندرك",
      "slug":"Senderk",
      "city_id":"350"
    },
    {
      "id":"521",
      "title":"توكهور",
      "slug":"Tvk·hvr",
      "city_id":"350"
    },
    {
      "id":"522",
      "title":"بندزرك",
      "slug":"Bndzrk",
      "city_id":"350"
    },
    {
      "id":"523",
      "title":"ليردف",
      "slug":"Lyrdf",
      "city_id":"351"
    },
    {
      "id":"524",
      "title":"رودخانه",
      "slug":"River",
      "city_id":"352"
    },
    {
      "id":"525",
      "title":"جغين",
      "slug":"Jaghin, Rudan",
      "city_id":"352"
    },
    {
      "id":"526",
      "title":"بيكاه",
      "slug":"Bykah",
      "city_id":"352"
    },
    {
      "id":"527",
      "title":"فارغان",
      "slug":"Graduates",
      "city_id":"353"
    },
    {
      "id":"528",
      "title":"احمدئ",
      "slug":"Ahmad",
      "city_id":"353"
    },
    {
      "id":"529",
      "title":"جناح",
      "slug":"Wing",
      "city_id":"354"
    },
    {
      "id":"530",
      "title":"كوخرد",
      "slug":"Kookherd",
      "city_id":"354"
    },
    {
      "id":"531",
      "title":"رويدر",
      "slug":"Ravidar",
      "city_id":"355"
    },
    {
      "id":"532",
      "title":"كوشكنار",
      "slug":"Add your comment",
      "city_id":"356"
    },
    {
      "id":"533",
      "title":"بماني",
      "slug":"Stay",
      "city_id":"357"
    },
    {
      "id":"534",
      "title":"گوهران",
      "slug":"Gem",
      "city_id":"358"
    },
    {
      "id":"535",
      "title":"گافروپارمون",
      "slug":"Gafrvparmvn",
      "city_id":"358"
    },
    {
      "id":"536",
      "title":"كن",
      "slug":"Cannes",
      "city_id":"359"
    },
    {
      "id":"537",
      "title":"آفتاب",
      "slug":"The sun",
      "city_id":"359"
    },
    {
      "id":"538",
      "title":"رودهن",
      "slug":"ROUDEHEN",
      "city_id":"360"
    },
    {
      "id":"539",
      "title":"فشاپويه",
      "slug":"Fshapvyh",
      "city_id":"361"
    },
    {
      "id":"540",
      "title":"كهريزك",
      "slug":"Kahrizak",
      "city_id":"361"
    },
    {
      "id":"541",
      "title":"خاوران",
      "slug":"KHAVARAN",
      "city_id":"361"
    },
    {
      "id":"542",
      "title":"قلعه نو",
      "slug":"New Castle",
      "city_id":"361"
    },
    {
      "id":"543",
      "title":"رودبارقصران",
      "slug":"Roudbar",
      "city_id":"362"
    },
    {
      "id":"544",
      "title":"لواسانات",
      "slug":"Lavasanat",
      "city_id":"362"
    },
    {
      "id":"545",
      "title":"جوادآباد",
      "slug":"Javad Abad",
      "city_id":"363"
    },
    {
      "id":"546",
      "title":"احمد آباد مستوفي",
      "slug":"Ahmadabad Mostowfi",
      "city_id":"365"
    },
    {
      "id":"547",
      "title":"شريف آباد",
      "slug":"Sharif Abad",
      "city_id":"367"
    },
    {
      "id":"548",
      "title":"ارجمند",
      "slug":"Venerable",
      "city_id":"368"
    },
    {
      "id":"549",
      "title":"صفا دشت",
      "slug":"Safa Dasht",
      "city_id":"370"
    },
    {
      "id":"550",
      "title":"جليل آباد",
      "slug":"Jalil Abad",
      "city_id":"371"
    },
    {
      "id":"551",
      "title":"بومهن",
      "slug":"Boomehen",
      "city_id":"373"
    },
    {
      "id":"552",
      "title":"جاجرود",
      "slug":"Jajrood",
      "city_id":"373"
    },
    {
      "id":"553",
      "title":"هير",
      "slug":"Hare",
      "city_id":"375"
    },
    {
      "id":"554",
      "title":"ثمرين",
      "slug":"Samarin",
      "city_id":"375"
    },
    {
      "id":"555",
      "title":"قشلاق دشت",
      "slug":"Plains winter",
      "city_id":"376"
    },
    {
      "id":"556",
      "title":"خورش رستم",
      "slug":"Rustam stew",
      "city_id":"377"
    },
    {
      "id":"557",
      "title":"شاهرود",
      "slug":"Anymore",
      "city_id":"377"
    },
    {
      "id":"558",
      "title":"ارشق",
      "slug":"Arshaq",
      "city_id":"378"
    },
    {
      "id":"559",
      "title":"مشكين شرقي",
      "slug":"East Meshkin",
      "city_id":"378"
    },
    {
      "id":"560",
      "title":"مرادلو",
      "slug":"Moradlu District",
      "city_id":"378"
    },
    {
      "id":"561",
      "title":"قصابه",
      "slug":"Qsabh",
      "city_id":"378"
    },
    {
      "id":"562",
      "title":"انگوت",
      "slug":"Angot",
      "city_id":"379"
    },
    {
      "id":"563",
      "title":"موران",
      "slug":"Moran",
      "city_id":"379"
    },
    {
      "id":"564",
      "title":"اصلاندوز",
      "slug":"Aslanduz",
      "city_id":"380"
    },
    {
      "id":"565",
      "title":"تازه كند",
      "slug":"The new",
      "city_id":"380"
    },
    {
      "id":"566",
      "title":"اسلام آباد",
      "slug":"Islamabad",
      "city_id":"380"
    },
    {
      "id":"567",
      "title":"فيروز",
      "slug":"F",
      "city_id":"381"
    },
    {
      "id":"568",
      "title":"ويلكيج",
      "slug":"Vylkyj",
      "city_id":"382"
    },
    {
      "id":"569",
      "title":"عنبران",
      "slug":"Anbaran",
      "city_id":"382"
    },
    {
      "id":"570",
      "title":"كوراييم",
      "slug":"Kuraim",
      "city_id":"383"
    },
    {
      "id":"571",
      "title":"سبلان",
      "slug":"Sabalan",
      "city_id":"384"
    },
    {
      "id":"572",
      "title":"جعفراباد",
      "slug":"Jafarabadi",
      "city_id":"385"
    },
    {
      "id":"573",
      "title":"خلجستان",
      "slug":"Khljstan",
      "city_id":"385"
    },
    {
      "id":"574",
      "title":"نوفل لوشاتو",
      "slug":"Neauphle-le-Château",
      "city_id":"385"
    },
    {
      "id":"575",
      "title":"سلفچگان",
      "slug":"Salafchegan",
      "city_id":"385"
    },
    {
      "id":"576",
      "title":"رامند",
      "slug":"Ramnd",
      "city_id":"386"
    },
    {
      "id":"577",
      "title":"شال",
      "slug":"Scarf",
      "city_id":"386"
    },
    {
      "id":"578",
      "title":"دشتابي",
      "slug":"Dashtab",
      "city_id":"386"
    },
    {
      "id":"579",
      "title":"اسفرورين",
      "slug":"ASFAROORIN",
      "city_id":"387"
    },
    {
      "id":"580",
      "title":"خرمدشت",
      "slug":"Khoramdasht",
      "city_id":"387"
    },
    {
      "id":"581",
      "title":"ضياڈآباد",
      "slug":"ZyaڈAbad",
      "city_id":"387"
    },
    {
      "id":"582",
      "title":"رودبارالموت شرقي",
      "slug":"East Rvdbaralmvt",
      "city_id":"388"
    },
    {
      "id":"583",
      "title":"رودبارالموت غربي",
      "slug":"West Rvdbaralmvt",
      "city_id":"388"
    },
    {
      "id":"584",
      "title":"طارم سفلي",
      "slug":"Tarom",
      "city_id":"388"
    },
    {
      "id":"585",
      "title":"كوهين",
      "slug":"Koohin",
      "city_id":"388"
    },
    {
      "id":"586",
      "title":"بشاريات",
      "slug":"Zaqeh",
      "city_id":"389"
    },
    {
      "id":"587",
      "title":"محمديه",
      "slug":"Muhammadiyah",
      "city_id":"390"
    },
    {
      "id":"588",
      "title":"آبگرم",
      "slug":"Hot water",
      "city_id":"391"
    },
    {
      "id":"589",
      "title":"نوكنده",
      "slug":"Now Kandeh",
      "city_id":"392"
    },
    {
      "id":"590",
      "title":"سيجوال",
      "slug":"Syjuval",
      "city_id":"393"
    },
    {
      "id":"591",
      "title":"كمالان",
      "slug":"Perfection",
      "city_id":"394"
    },
    {
      "id":"592",
      "title":"بهاران",
      "slug":"BAHARAN",
      "city_id":"396"
    },
    {
      "id":"593",
      "title":"داشلي برون",
      "slug":"Daschle & rsquo;",
      "city_id":"397"
    },
    {
      "id":"594",
      "title":"كوهسارات",
      "slug":"Mountainside",
      "city_id":"398"
    },
    {
      "id":"595",
      "title":"وشمگير",
      "slug":"Voshmgir",
      "city_id":"399"
    },
    {
      "id":"596",
      "title":"پيشكمر",
      "slug":"Pishkamar",
      "city_id":"400"
    },
    {
      "id":"597",
      "title":"چشمه ساران",
      "slug":"Cheshmeh Saran",
      "city_id":"401"
    },
    {
      "id":"598",
      "title":"فندرسك",
      "slug":"Fendereski",
      "city_id":"402"
    },
    {
      "id":"599",
      "title":"گلي داغ",
      "slug":"Hot mud",
      "city_id":"403"
    },
    {
      "id":"600",
      "title":"گلدشت",
      "slug":"Goldasht",
      "city_id":"404"
    },
    {
      "id":"601",
      "title":"لوه",
      "slug":"Loh",
      "city_id":"405"
    },
    {
      "id":"602",
      "title":"بام وصفي آباد",
      "slug":"Roofing attribute Abad",
      "city_id":"406"
    },
    {
      "id":"603",
      "title":"گرمخان",
      "slug":"Garmkhan",
      "city_id":"407"
    },
    {
      "id":"604",
      "title":"جلگه سنخواست",
      "slug":"Plain Sankhast",
      "city_id":"408"
    },
    {
      "id":"605",
      "title":"جلگه شوقان",
      "slug":"Plain Shoghan",
      "city_id":"408"
    },
    {
      "id":"606",
      "title":"سرحد",
      "slug":"Border",
      "city_id":"409"
    },
    {
      "id":"607",
      "title":"قوشخانه",
      "slug":"Alborz",
      "city_id":"409"
    },
    {
      "id":"608",
      "title":"خبوشان",
      "slug":"Khbvshan",
      "city_id":"410"
    },
    {
      "id":"609",
      "title":"سملقان",
      "slug":"Samalqan",
      "city_id":"411"
    },
    {
      "id":"610",
      "title":"مانه",
      "slug":"Manet",
      "city_id":"411"
    },
    {
      "id":"611",
      "title":"غلامان",
      "slug":"Slaves",
      "city_id":"413"
    },
    {
      "id":"612",
      "title":"جرگلان",
      "slug":"Jargalan",
      "city_id":"413"
    },
    {
      "id":"613",
      "title":"قهستان",
      "slug":"Quhistan",
      "city_id":"415"
    },
    {
      "id":"614",
      "title":"گزيك",
      "slug":"Gazik",
      "city_id":"415"
    },
    {
      "id":"615",
      "title":"مود",
      "slug":"Mood",
      "city_id":"416"
    },
    {
      "id":"616",
      "title":"درح",
      "slug":"Drh",
      "city_id":"416"
    },
    {
      "id":"617",
      "title":"نيمبلوك",
      "slug":"Half-block",
      "city_id":"417"
    },
    {
      "id":"618",
      "title":"شوسف",
      "slug":"Shusf",
      "city_id":"418"
    },
    {
      "id":"619",
      "title":"آيسك",
      "slug":"Issyk",
      "city_id":"419"
    },
    {
      "id":"620",
      "title":"سه قلعه",
      "slug":"Three castles",
      "city_id":"419"
    },
    {
      "id":"621",
      "title":"ارسك",
      "slug":"Eresk",
      "city_id":"421"
    },
    {
      "id":"622",
      "title":"زهان",
      "slug":"Zohan",
      "city_id":"422"
    },
    {
      "id":"623",
      "title":"شاسکوه",
      "slug":"Shaskouh",
      "city_id":"422"
    },
    {
      "id":"624",
      "title":"جلگه ماژان",
      "slug":"Plain mazhan",
      "city_id":"423"
    },
    {
      "id":"625",
      "title":"دستگردان",
      "slug":"Dastgerd",
      "city_id":"424"
    },
    {
      "id":"626",
      "title":"ديهوك",
      "slug":"Dyhvk",
      "city_id":"424"
    },
    {
      "id":"627",
      "title":"آسارا",
      "slug":"Asara",
      "city_id":"425"
    },
    {
      "id":"628",
      "title":"چندار",
      "slug":"Chendar",
      "city_id":"426"
    },
    {
      "id":"629",
      "title":"چهارباغ",
      "slug":"Four garden",
      "city_id":"426"
    },
    {
      "id":"630",
      "title":"تنکمان",
      "slug":"Tnkman",
      "city_id":"427"
    },
    {
      "id":"631",
      "title":"بالا طالقان",
      "slug":"High Taleghan",
      "city_id":"428"
    },
    {
      "id":"632",
      "title":"پلنگ آباد",
      "slug":"Leopard Abad",
      "city_id":"429"
    },
    {
      "id":"633",
      "title":"مشکين دشت",
      "slug":"Meshkindasht",
      "city_id":"430"
    }
  ]
}
