{
  "RECORDS": [
    {
      "name": "میدان تیر",
      "slug": "Tir Square",
      "latitude": "35.636086",
      "longitude": "51.406107",
      "id": 1,
      "search": "میدان تیر,Tir Square",
      "type": "square"
    },
    {
      "name": "میدان فردوسی",
      "slug": "Ferdowsi Square",
      "search": "Ferdosi Gerdowsi فردوسی",
      "latitude": "35.701556",
      "longitude": "51.419030",
      "id": 2,
      "type": "square"
    },
    {
      "name": "میدان انقلاب",
      "slug": "Enghelab Square",
      "latitude": "35.700935",
      "longitude": "51.391038",
      "id": 3,
      "search": "میدان انقلاب,Enghelab Square",
      "type": "square"
    },
    {
      "name": "فلکه دوم صادقیه",
      "slug": "Falake dovome sadeghieh",
      "search": "falake dovome sadeghieh, meydane dovome sadeghieh, فلکه دوم صادقیه,میدان دوم صادقیه",
      "latitude": "35.722077",
      "longitude": "51.335301",
      "id": 4,
      "type": "square"
    },
    {
      "name": "میدان پرستار",
      "slug": "Parastar Square",
      "latitude": "35.689882",
      "longitude": "51.483950",
      "id": 5,
      "search": "میدان پرستار,Parastar Square",
      "type": "square"
    },
    {
      "name": "میدان هروی",
      "slug": "Heravi field",
      "latitude": "35.767272",
      "longitude": "51.476494",
      "id": 6,
      "search": "میدان هروی,Heravi field",
      "type": "square"
    },
    {
      "name": "میدان ونک",
      "slug": "Vanak Square",
      "latitude": "35.757474",
      "longitude": "51.409887",
      "id": 7,
      "search": "میدان ونک,Vanak Square",
      "type": "square"
    },
    {
      "name": "میدان قزوین",
      "slug": "Qazvin Square",
      "search": "Qazvin Square, Medynane qazvin, Meydane ghazvin, میدان قزوین",
      "latitude": "35.675201",
      "longitude": "51.394688",
      "id": 8,
      "type": "square"
    },
    {
      "name": "میدان فاطمی(جهاد)",
      "slug": "Fatemi Square (Jahad)",
      "search": "Fatemi Square, Medyane Fatemi, Meydane Jahad, میدان فاطمی , میدان جهاد",
      "latitude": "35.719931",
      "longitude": "51.405559",
      "id": 9,
      "type": "square"
    },
    {
      "name": "میدان تجریش",
      "slug": "Tajrish Square",
      "latitude": "35.806944",
      "longitude": "51.428916",
      "id": 10,
      "search": "میدان تجریش,Tajrish Square",
      "type": "square"
    },
    {
      "name": "میدان چهارم تهرانپارس",
      "slug": "Falake Chaharom Tehranpars Square",
      "search": "Falake chaharom Tehranpars, Meydane chaharom Tehranpars, میدان چهارم تهرانپارس, فلکه چهارم تهرانپارس",
      "latitude": "35.751079",
      "longitude": "51.537968",
      "id": 11,
      "type": "square"
    },
    {
      "name": "میدان هفت تیر",
      "slug": "Hafte-Tir Square",
      "latitude": "35.717145",
      "longitude": "51.426742",
      "id": 12,
      "search": "میدان هفت تیر,Hafte-Tir Square",
      "type": "square"
    },
    {
      "name": "میدان اول شهران",
      "slug": "Shahran Square",
      "latitude": "35.762923",
      "longitude": "51.290062",
      "id": 13,
      "search": "میدان اول شهران,Shahran Square",
      "type": "square"
    },
    {
      "name": "میدان شهدا",
      "slug": "Martyrs' Square",
      "latitude": "35.689578",
      "longitude": "51.447472",
      "id": 14,
      "search": "میدان شهدا,Martyrs' Square",
      "type": "square"
    },
    {
      "name": "میدان فلکه یکم صادقیه",
      "slug": "First Circle Square Square",
      "latitude": "35.721836",
      "longitude": "51.340943",
      "id": 15,
      "search": "میدان فلکه یکم صادقیه,First Circle Square Square",
      "type": "square"
    },
    {
      "name": "میدان جمهوری اسلامی",
      "slug": "Jomhouri Eslami Square",
      "latitude": "35.696698",
      "longitude": "51.378530",
      "id": 16,
      "search": "میدان جمهوری اسلامی,Jomhouri Eslami Square",
      "type": "square"
    },
    {
      "name": "میدان امام حسن مجتبی",
      "slug": "Imam Hassan Square",
      "latitude": "35.673686",
      "longitude": "51.473256",
      "id": 17,
      "search": "میدان امام حسن مجتبی,Imam Hassan Square",
      "type": "square"
    },
    {
      "name": "میدان شوش",
      "slug": "Shoosh field",
      "latitude": "35.659777",
      "longitude": "51.430853",
      "id": 18,
      "search": "میدان شوش,Shoosh field",
      "type": "square"
    },
    {
      "name": "میدان قدس",
      "slug": "Qods Square",
      "latitude": "35.804787",
      "longitude": "51.434122",
      "id": 19,
      "search": "میدان قدس,Qods Square",
      "type": "square"
    },
    {
      "name": "میدان مادر",
      "slug": "Madar Square",
      "latitude": "35.758478",
      "longitude": "51.442685",
      "id": 20,
      "search": "میدان مادر,Madar Square",
      "type": "square"
    },
    {
      "name": "میدان سرو",
      "slug": "Sarv Square",
      "latitude": "35.778722",
      "longitude": "51.362424",
      "id": 21,
      "search": "میدان سرو,Sarv Square",
      "type": "square"
    },
    {
      "name": "میدان دربند",
      "slug": "Darband Square",
      "latitude": "35.820337",
      "longitude": "51.425901",
      "id": 22,
      "search": "میدان دربند,Darband Square",
      "type": "square"
    },
    {
      "name": "میدان عدل",
      "slug": "Adl Square",
      "latitude": "35.755340",
      "longitude": "51.328751",
      "id": 23,
      "search": "میدان عدل,Adl Square",
      "type": "square"
    },
    {
      "name": "میدان گلها",
      "slug": "Golha Square",
      "latitude": "35.721771",
      "longitude": "51.399937",
      "id": 24,
      "search": "میدان گلها,Golha Square",
      "type": "square"
    },
    {
      "name": "میدان خراسان",
      "slug": "Khorasan Square",
      "latitude": "35.665341",
      "longitude": "51.445503",
      "id": 25,
      "search": "میدان خراسان,Khorasan Square",
      "type": "square"
    },
    {
      "name": "میدان باغ فیض",
      "slug": "Garden of Grace",
      "latitude": "35.744211",
      "longitude": "51.327141",
      "id": 26,
      "search": "میدان باغ فیض,Garden of Grace",
      "type": "square"
    },
    {
      "name": "میدان کتابی",
      "slug": "The book",
      "latitude": "35.751564",
      "longitude": "51.444202",
      "id": 27,
      "search": "میدان کتابی,The book",
      "type": "square"
    },
    {
      "name": "میدان یاسر",
      "slug": "Yasser field",
      "latitude": "35.812838",
      "longitude": "51.451210",
      "id": 28,
      "search": "میدان یاسر,Yasser field",
      "type": "square"
    },
    {
      "name": "میدان امام حسین",
      "slug": "Imam Hossein Square",
      "latitude": "35.701865",
      "longitude": "51.448261",
      "id": 29,
      "search": "میدان امام حسین,Imam Hossein Square",
      "type": "square"
    },
    {
      "name": "میدان اقدسیه",
      "slug": "Aghdasieh field",
      "latitude": "35.801658",
      "longitude": "51.486766",
      "id": 30,
      "search": "میدان اقدسیه,Aghdasieh field",
      "type": "square"
    },
    {
      "name": "میدان الف",
      "slug": "A field",
      "latitude": "35.797574",
      "longitude": "51.412028",
      "id": 31,
      "search": "میدان الف,A field",
      "type": "square"
    },
    {
      "name": "میدان باهنر",
      "slug": "Bahonar Square",
      "latitude": "35.810927",
      "longitude": "51.469977",
      "id": 32,
      "search": "میدان باهنر,Bahonar Square",
      "type": "square"
    },
    {
      "name": "میدان شهرری",
      "slug": "ShahrRey Square",
      "latitude": "35.590779",
      "longitude": "51.437504",
      "id": 33,
      "search": "میدان شهرری,ShahrRey Square",
      "type": "square"
    },
    {
      "name": "میدان شاهد(پروین)",
      "slug": "Shahed (Parvin) Square",
      "latitude": "35.741910",
      "longitude": "51.542332",
      "id": 34,
      "search": "میدان شاهد(پروین),Shahed (Parvin) Square",
      "type": "square"
    },
    {
      "name": "میدان رازی(گمرک)",
      "slug": "Razi (Gomrok) Square",
      "latitude": "35.666983",
      "longitude": "51.396033",
      "id": 35,
      "search": "میدان رازی(گمرک),Razi (Gomrok) Square",
      "type": "square"
    },
    {
      "name": "میدان فلکه یکم تهرانپارس",
      "slug": "Tehranpars Square",
      "latitude": "35.726780",
      "longitude": "51.525296",
      "id": 36,
      "search": "میدان فلکه یکم تهرانپارس,Tehranpars Square",
      "type": "square"
    },
    {
      "name": "میدان بهار شیراز",
      "slug": "Spring field Shiraz",
      "latitude": "35.718002",
      "longitude": "51.431767",
      "id": 37,
      "search": "میدان بهار شیراز,Spring field Shiraz",
      "type": "square"
    },
    {
      "name": "میدان توحید",
      "slug": "Tohid square",
      "latitude": "35.705675",
      "longitude": "51.377632",
      "id": 38,
      "search": "میدان توحید,Tohid square",
      "type": "square"
    },
    {
      "name": "میدان منیریه",
      "slug": "Monirieh Square",
      "latitude": "35.681012",
      "longitude": "51.401623",
      "id": 39,
      "search": "میدان منیریه,Monirieh Square",
      "type": "square"
    },
    {
      "name": "میدان سیزده آبان",
      "slug": "Sizdah Aban Square",
      "latitude": "35.684150",
      "longitude": "51.483183",
      "id": 40,
      "search": "میدان سیزده آبان,Sizdah Aban Square",
      "type": "square"
    },
    {
      "name": "میدان استاد معین",
      "slug": "Moeen's Square",
      "latitude": "35.698805",
      "longitude": "51.347424",
      "id": 41,
      "search": "میدان استاد معین,Moeen's Square",
      "type": "square"
    },
    {
      "name": "میدان احتشامیه",
      "slug": "Ahtshamyh field",
      "latitude": "35.772276",
      "longitude": "51.456690",
      "id": 42,
      "search": "میدان احتشامیه,Ahtshamyh field",
      "type": "square"
    },
    {
      "name": "میدان اعدام",
      "slug": "Edam Square",
      "latitude": "35.667673",
      "longitude": "51.415845",
      "id": 43,
      "search": "میدان اعدام,Edam Square",
      "type": "square"
    },
    {
      "name": "میدان اختیاریه",
      "slug": "Ekhtiarieh Square",
      "latitude": "35.786861",
      "longitude": "51.466545",
      "id": 44,
      "search": "میدان اختیاریه,Ekhtiarieh Square",
      "type": "square"
    },
    {
      "name": "میدان ونک",
      "slug": "Vanak Square",
      "latitude": "35.757465",
      "longitude": "51.410003",
      "id": 45,
      "search": "میدان ونک,Vanak Square",
      "type": "square"
    },
    {
      "name": "میدان تسلیحات",
      "slug": "Taslihat Square",
      "latitude": "35.718777",
      "longitude": "51.474318",
      "id": 46,
      "search": "میدان تسلیحات,Taslihat Square",
      "type": "square"
    },
    {
      "name": "میدان فلسطین",
      "slug": "Felestin Square",
      "latitude": "35.706413",
      "longitude": "51.403604",
      "id": 47,
      "search": "میدان فلسطین,Felestin Square",
      "type": "square"
    },
    {
      "name": "میدان ولیعصر",
      "slug": "Vali Asr Square",
      "latitude": "35.711586",
      "longitude": "51.407094",
      "id": 48,
      "search": "میدان ولیعصر,Vali Asr Square",
      "type": "square"
    },
    {
      "name": "میدان امامت",
      "slug": "Imam Square",
      "latitude": "35.713270",
      "longitude": "51.489827",
      "id": 49,
      "search": "میدان امامت,Imam Square",
      "type": "square"
    },
    {
      "name": "میدان سپاه",
      "slug": "Sepah field",
      "latitude": "35.706760",
      "longitude": "51.440496",
      "id": 50,
      "search": "میدان سپاه,Sepah field",
      "type": "square"
    },
    {
      "name": "میدان بهارستان",
      "slug": "Baharestan Square",
      "latitude": "35.690596",
      "longitude": "51.431487",
      "id": 51,
      "search": "میدان بهارستان,Baharestan Square",
      "type": "square"
    },
    {
      "name": "میدان آرژانتین",
      "slug": "Argentina Square",
      "latitude": "35.737049",
      "longitude": "51.415396",
      "id": 52,
      "search": "میدان آرژانتین,Argentina Square",
      "type": "square"
    },
    {
      "name": "میدان راه آهن",
      "slug": "Rahahan Square",
      "latitude": "35.659248",
      "longitude": "51.397957",
      "id": 53,
      "search": "میدان راه آهن,Rahahan Square",
      "type": "square"
    },
    {
      "name": "میدان پاستور",
      "slug": "Pasteur Square",
      "latitude": "35.690786",
      "longitude": "51.392531",
      "id": 54,
      "search": "میدان پاستور,Pasteur Square",
      "type": "square"
    },
    {
      "name": "میدان استقلال",
      "slug": "Esteghlal Square",
      "latitude": "35.758306",
      "longitude": "51.513609",
      "id": 55,
      "search": "میدان استقلال,Esteghlal Square",
      "type": "square"
    },
    {
      "name": "میدان رسالت",
      "slug": "Resalat Square",
      "latitude": "35.736757",
      "longitude": "51.487873",
      "id": 56,
      "search": "میدان رسالت,Resalat Square",
      "type": "square"
    },
    {
      "name": "میدان شعاع",
      "slug": "The radius",
      "latitude": "35.720381",
      "longitude": "51.420867",
      "id": 57,
      "search": "میدان شعاع,The radius",
      "type": "square"
    },
    {
      "name": "میدان صنعت",
      "slug": "San'at Square",
      "latitude": "35.754131",
      "longitude": "51.368253",
      "id": 58,
      "search": "میدان صنعت,San'at Square",
      "type": "square"
    },
    {
      "name": "میدان پانزده خرداد",
      "slug": "Panzdah Khordad Square",
      "latitude": "35.678436",
      "longitude": "51.418832",
      "id": 59,
      "search": "میدان پانزده خرداد,Panzdah Khordad Square",
      "type": "square"
    },
    {
      "name": "میدان پونک",
      "slug": "Poonak Square",
      "latitude": "35.759854",
      "longitude": "51.335142",
      "id": 60,
      "search": "میدان پونک,Poonak Square",
      "type": "square"
    },
    {
      "name": "میدان حر",
      "slug": "Hor Square",
      "latitude": "35.688145",
      "longitude": "51.392863",
      "id": 61,
      "search": "میدان حر,Hor Square",
      "type": "square"
    },
    {
      "name": "میدان نبوت",
      "slug": "Nobovat Square",
      "second_slug": "Nabovat Square",
      "latitude": "35.729827",
      "longitude": "51.493668",
      "id": 62,
      "search": "میدان نبوت,Nobovat Square",
      "type": "square"
    },
    {
      "name": "میدان مفتح",
      "slug": "Mofateh field",
      "latitude": "35.699539",
      "longitude": "51.337375",
      "id": 63,
      "search": "میدان مفتح,Mofateh field",
      "type": "square"
    },
    {
      "name": "میدان بهمن",
      "slug": "Feb field",
      "latitude": "35.649369",
      "longitude": "51.398102",
      "id": 64,
      "search": "میدان بهمن,Feb field",
      "type": "square"
    },
    {
      "name": "میدان امام خمینی",
      "slug": "Imam Khomeini Square",
      "latitude": "35.685755",
      "longitude": "51.421637",
      "id": 65,
      "search": "میدان امام خمینی,Imam Khomeini Square",
      "type": "square"
    },
    {
      "name": "میدان فرهنگ",
      "slug": "Farhang Square",
      "latitude": "35.733809",
      "longitude": "51.405975",
      "id": 66,
      "search": "میدان فرهنگ,Farhang Square",
      "type": "square"
    }
  ]
}