<?xml version="1.0" standalone="yes"?>
<RECORDS>
<RECORD>
<id>1</id>
<country>1</country>
<name>آذربایجان شرقی</name>
<latitude>37.90357330</latitude>
<longitude>46.26821090</longitude>
</RECORD>
<RECORD>
<id>2</id>
<country>1</country>
<name>آذربایجان غربی</name>
<latitude>37.45500620</latitude>
<longitude>45.00000000</longitude>
</RECORD>
<RECORD>
<id>3</id>
<country>1</country>
<name>اردبیل</name>
<latitude>38.48532760</latitude>
<longitude>47.89112090</longitude>
</RECORD>
<RECORD>
<id>4</id>
<country>1</country>
<name>اصفهان</name>
<latitude>32.65462750</latitude>
<longitude>51.66798260</longitude>
</RECORD>
<RECORD>
<id>5</id>
<country>1</country>
<name>البرز</name>
<latitude>35.99604670</latitude>
<longitude>50.92892460</longitude>
</RECORD>
<RECORD>
<id>6</id>
<country>1</country>
<name>ایلام</name>
<latitude>33.29576180</latitude>
<longitude>46.67053400</longitude>
</RECORD>
<RECORD>
<id>7</id>
<country>1</country>
<name>بوشهر</name>
<latitude>28.92338370</latitude>
<longitude>50.82031400</longitude>
</RECORD>
<RECORD>
<id>8</id>
<country>1</country>
<name>تهران</name>
<latitude>35.69611100</latitude>
<longitude>51.42305600</longitude>
</RECORD>
<RECORD>
<id>9</id>
<country>1</country>
<name>چهارمحال و بختیاری</name>
<latitude>31.96143480</latitude>
<longitude>50.84563230</longitude>
</RECORD>
<RECORD>
<id>10</id>
<country>1</country>
<name>خراسان جنوبی</name>
<latitude>32.51756430</latitude>
<longitude>59.10417580</longitude>
</RECORD>
<RECORD>
<id>11</id>
<country>1</country>
<name>خراسان رضوی</name>
<latitude>35.10202530</latitude>
<longitude>59.10417580</longitude>
</RECORD>
<RECORD>
<id>12</id>
<country>1</country>
<name>خراسان شمالی</name>
<latitude>37.47103530</latitude>
<longitude>57.10131880</longitude>
</RECORD>
<RECORD>
<id>13</id>
<country>1</country>
<name>خوزستان</name>
<latitude>31.43601490</latitude>
<longitude>49.04131200</longitude>
</RECORD>
<RECORD>
<id>14</id>
<country>1</country>
<name>زنجان</name>
<latitude>36.50181850</latitude>
<longitude>48.39881860</longitude>
</RECORD>
<RECORD>
<id>15</id>
<country>1</country>
<name>سمنان</name>
<latitude>35.22555850</latitude>
<longitude>54.43421380</longitude>
</RECORD>
<RECORD>
<id>16</id>
<country>1</country>
<name>سیستان و بلوچستان</name>
<latitude>27.52999060</latitude>
<longitude>60.58206760</longitude>
</RECORD>
<RECORD>
<id>17</id>
<country>1</country>
<name>فارس</name>
<latitude>29.10438130</latitude>
<longitude>53.04589300</longitude>
</RECORD>
<RECORD>
<id>18</id>
<country>1</country>
<name>قزوین</name>
<latitude>36.08813170</latitude>
<longitude>49.85472660</longitude>
</RECORD>
<RECORD>
<id>19</id>
<country>1</country>
<name>قم</name>
<latitude>34.63994430</latitude>
<longitude>50.87594190</longitude>
</RECORD>
<RECORD>
<id>20</id>
<country>1</country>
<name>كردستان</name>
<latitude>35.95535790</latitude>
<longitude>47.13621250</longitude>
</RECORD>
<RECORD>
<id>21</id>
<country>1</country>
<name>كرمان</name>
<latitude>30.28393790</latitude>
<longitude>57.08336280</longitude>
</RECORD>
<RECORD>
<id>22</id>
<country>1</country>
<name>كرمانشاه</name>
<latitude>34.31416700</latitude>
<longitude>47.06500000</longitude>
</RECORD>
<RECORD>
<id>23</id>
<country>1</country>
<name>کهگیلویه و بویراحمد</name>
<latitude>30.65094790</latitude>
<longitude>51.60525000</longitude>
</RECORD>
<RECORD>
<id>24</id>
<country>1</country>
<name>گلستان</name>
<latitude>37.28981230</latitude>
<longitude>55.13758340</longitude>
</RECORD>
<RECORD>
<id>25</id>
<country>1</country>
<name>گیلان</name>
<latitude>37.11716170</latitude>
<longitude>49.52799960</longitude>
</RECORD>
<RECORD>
<id>26</id>
<country>1</country>
<name>لرستان</name>
<latitude>33.58183940</latitude>
<longitude>48.39881860</longitude>
</RECORD>
<RECORD>
<id>27</id>
<country>1</country>
<name>مازندران</name>
<latitude>36.22623930</latitude>
<longitude>52.53186040</longitude>
</RECORD>
<RECORD>
<id>28</id>
<country>1</country>
<name>مركزی</name>
<latitude>33.50932940</latitude>
<longitude>-92.39611900</longitude>
</RECORD>
<RECORD>
<id>29</id>
<country>1</country>
<name>هرمزگان</name>
<latitude>27.13872300</latitude>
<longitude>55.13758340</longitude>
</RECORD>
<RECORD>
<id>30</id>
<country>1</country>
<name>همدان</name>
<latitude>34.76079990</latitude>
<longitude>48.39881860</longitude>
</RECORD>
<RECORD>
<id>31</id>
<country>1</country>
<name>یزد</name>
<latitude>32.10063870</latitude>
<longitude>54.43421380</longitude>
</RECORD>
</RECORDS>